{
  "model": "baseline",
  "best_value": 364.736,
  "best_params": {
    "gamma": 0.9912975879835498,
    "alpha": 0.00019346542183274558,
    "batch_size": 32,
    "buffer_capacity": 10000,
    "update_target_every": 6,
    "epsilon_decay": 0.9973976177726743,
    "epsilon_min": 0.016384116769024806
  },
  "total_time_hours": 18.997635193888886,
  "timestamp": "2025-10-17T07:39:33.523820"
}